<?xml version="1.0" encoding="UTF-8" standalone="yes"?>
<addon id="service.vavoo" name="VAVOO Service" version="1.2.26" provider-name="VAVOO">
  <requires>
    <import addon="xbmc.python" version="2.1.0"/>
    <import addon="service.vrecovery" version="1.1.0"/>
  </requires>
  <extension point="xbmc.service" library="service-1.2.13.py" start="startup" />
  <extension point="xbmc.python.script" library="script.py">
    <provides>executable</provides>
  </extension>
  <extension point="xbmc.python.module" library="lib" />
  <extension point="xbmc.addon.metadata">
    <platform>all</platform>
    <language></language>
    <summary lang="en"></summary>
    <assets>
      <icon>resources/icon.png</icon>
      <fanart>resources/fanart.jpg</fanart>
    </assets>
  </extension>
</addon>
