<?xml version="1.0" encoding="utf-8"?><shortcuts>
    <shortcut>
        <label>SUCHE</label>
        <label2>Hub 1101</label2>
        <thumbnail>DefaultAddonSearch.png</thumbnail>
        <defaultID>null</defaultID>
        <icon>DefaultAddonSearch.png</icon>
        <action>ActivateWindow(Videos,"plugin://plugin.video.vavooto/?action=search&amp;cancel=home",return)</action>
    </shortcut>
    <shortcut>
        <label>FILME</label>
        <label2>Hub 1101</label2>
        <defaultID>null</defaultID>
        <icon>DefaultMovies.png</icon>
        <action>ActivateWindow(Videos,"plugin://plugin.video.vavooto/indexMovie?action=indexMovie&amp;cancel=home",return)</action>
    </shortcut>
    <shortcut>
        <label>SERIEN</label>
        <label2>Hub 1102</label2>
        <defaultID>null</defaultID>
        <icon>special://skin/extras/icons/tv.png</icon>
        <action>ActivateWindow(Videos,"plugin://plugin.video.vavooto/?action=indexSerie&amp;cancel=home",return)</action>
    </shortcut>
    <!--<shortcut>
        <label>Netflix</label>
        <label2>Common Shortcut</label2>
        <defaultID>netflix</defaultID>
        <icon>DefaultDVDRom.png</icon>
        <action>ActivateWindow(Videos,"plugin://plugin.video.vavooto/?action=netflix",return)</action>
    </shortcut>
    <shortcut>
        <label>SKY</label>
        <label2>Common Shortcut</label2>
        <defaultID>sky</defaultID>
        <icon>DefaultDVDRom.png</icon>
        <action>ActivateWindow(Videos,"plugin://plugin.video.vavooto/?action=sky",return)</action>
    </shortcut>-->
    <shortcut>
        <label>TV</label>
        <label2>Common Shortcut</label2>
        <defaultID>livetv</defaultID>
        <icon>DefaultAddonPVRClient.png</icon>
        <visible>PVR.HasTVChannels</visible>
        <action>ActivateWindow(TVChannels)</action>
    </shortcut>
    <shortcut>
        <label>MEDIATHEKEN</label>
        <label2>Common Shortcut</label2>
        <defaultID>mediathek</defaultID>
        <icon>DefaultDVDRom.png</icon>
        <action>ActivateWindow(Videos,"plugin://plugin.video.vavooto/?action=mediathek",return)</action>
    </shortcut>
    <shortcut>
        <label>KINDER</label>
        <label2>Common Shortcut</label2>
        <defaultID>kids</defaultID>
        <icon>DefaultAddonWeather.png</icon>
        <action>ActivateWindow(Videos,"plugin://plugin.video.vavooto/?action=kids",return)</action>
    </shortcut>
    <shortcut>
        <label>FAVORITEN</label>
        <label2>Common Shortcut</label2>
        <defaultID>favourites</defaultID>
        <icon>DefaultIconFavourite.png</icon>
        <action>ActivateWindow(Favourites)</action>
    </shortcut>
    <shortcut>
        <label>APPS</label>
        <label2>Common Shortcut</label2>
        <defaultID>programs</defaultID>
        <icon>DefaultAddonsRepo.png</icon>
        <visible>System.Platform.Android</visible>
        <action>ActivateWindow(Videos,"androidapp://sources/apps/",return)</action>
    </shortcut>
    <shortcut>
        <label>SYSTEM</label>
        <label2>Common Shortcut</label2>
        <defaultID>null</defaultID>
        <icon>special://skin/extras/icons/settings.png</icon>
        <action>ActivateWindow(Settings)</action>
    </shortcut>
    <shortcut>
        <label>EROTIK</label>
        <label2>Common Shortcut</label2>
        <defaultID>erotic</defaultID>
        <icon>DefaultAddonNone.png</icon>
        <visible>Skin.HasSetting(vavoo.showerotic)</visible>
        <action>ActivateWindow(Videos,"plugin://plugin.video.videodevil/",return)</action>
    </shortcut>
    <!--<shortcut>
        <label>33060</label>
        <label2>Common Shortcut</label2>
        <defaultID>power</defaultID>
        <icon>special://skin/extras/icons/power.png</icon>
        <action>ActivateWindow(shutdownmenu)</action>
    </shortcut>-->
    <!--<shortcut>
        <label>3</label>
        <label2>Common Shortcut</label2>
        <defaultID>videos</defaultID>
        <icon>special://skin/extras/icons/video-addons.png</icon>
        <action>ActivateWindow(Videos,VideoLibrary)</action>
    </shortcut>-->
    <!--<shortcut>
        <label>2</label>
        <label2>Common Shortcut</label2>
        <defaultID>music</defaultID>
        <icon>special://skin/extras/icons/songs.png</icon>
        <action>ActivateWindow(Music)</action>
    </shortcut>-->
    <!--<shortcut>
        <label>1</label>
        <label2>Common Shortcut</label2>
        <defaultID>pictures</defaultID>
        <icon>special://skin/extras/icons/pictures.png</icon>
        <action>ActivateWindow(Pictures)</action>
    </shortcut>-->
    <!--<shortcut>
        <label>8</label>
        <label2>Common Shortcut</label2>
        <defaultID>weather</defaultID>
        <icon>special://skin/extras/icons/weather.png</icon>
        <action>ActivateWindow(Weather)</action>
    </shortcut>-->
</shortcuts>