<?xml version="1.0" encoding="UTF-8" standalone="yes"?>
<addon id="script.module.pyjsparser"
       name="pyjsparser"
       version="1.0.0"
       provider-name="PiotrDabkowski, VAVOO.TO">
  <requires>
    <import addon="xbmc.python" version="2.14.0"/>
  </requires>
  <extension point="xbmc.python.module"
             library="lib" />
  <extension point="xbmc.addon.metadata">
    <summary>JavaScript to Python Translator and JavaScript interpreter written in 100% pure Python</summary>
    <description>Packed for KODI from https://github.com/PiotrDabkowski/pyjsparser/tree/master/pyjsparser</description>
    <platform>all</platform>
    <language></language>
    <license>Apache2</license>
    <forum></forum>
  </extension>
</addon>
