<?xml version="1.0" encoding="utf-8"?>
<window>
    <defaultcontrol always="true">300</defaultcontrol>
    <controls>
        <control type="group">
            <left>0</left>
            <top>0</top>
            <width>100%</width>
            <height>100%</height>
            <control type="image">
                <left>0</left>
                <top>0</top>
                <right>0</right>
                <bottom>0</bottom>
                <width>100%</width>
                <height>100%</height>
                <texture>black.png</texture>
            </control>
            <control type="label">
                <top>430</top>
                <left>260</left>
                <width>1400</width>
                <height>100</height>
                <font>font_MainMenu</font>
                <label>[B]Modifizierte VAVOO Version.[/B]</label>
                <align>center</align>
            </control>
            <control type="label">
                <top>540</top>
                <left>160</left>
                <width>1600</width>
                <height>250</height>
                <label>Wir haben in der App, die Du aktuell nutzt, ungewöhnliche Aktivitäten festgestellt und sie deswegen deaktiviert.[CR][CR]Um auf VAVOO zuzugreifen, deinstalliere einfach alle nicht autorisierten oder modifizierten Versionen[CR]von VAVOO. Danach kannst Du die VAVOO App wieder von unserer offiziellen Seite herunterladen.[CR][CR][B]WWW.VAVOO.TV/SOFTWARE[/B]</label>
                <align>center</align>
            </control>
            <control type="group">
                <top>840</top>
                <control type="button" id="300">
                    <left>810</left>
                    <width>300</width>
                    <height>100</height>
                    <align>center</align>
                    <label>Jetzt beenden</label>
                    <onup>302</onup>
                    <ondown>302</ondown>
                    <onleft>301</onleft>
                    <onright>301</onright>
                    <onclick>XBMC.Quit()</onclick>
                </control>
            </control>
        </control>
    </controls>
</window>
