<?xml version="1.0" encoding="utf-8"?>
<window>
    <defaultcontrol always="true">300</defaultcontrol>
    <controls>
        <control type="group">
            <left>0</left>
            <top>0</top>
            <width>100%</width>
            <height>100%</height>
            <control type="image">
                <left>0</left>
                <top>0</top>
                <right>0</right>
                <bottom>0</bottom>
                <width>100%</width>
                <height>100%</height>
                <texture>black.png</texture>
            </control>
            <control type="radiobutton" id="400">
                <radioposx>50</radioposx><radioposy>35</radioposy><radiowidth>30</radiowidth><radioheight>30</radioheight>
                <left>1790</left><width>130</width><height>100</height><label></label>
                <onup>300</onup><ondown>300</ondown><onleft>300</onleft><onright>300</onright>
                <textureradioonfocus>power.png</textureradioonfocus><textureradioonnofocus colordiffuse="grey">power.png</textureradioonnofocus>
                <textureradioofffocus>power.png</textureradioofffocus><textureradiooffnofocus colordiffuse="grey">power.png</textureradiooffnofocus>
            </control>
            <control type="label">
                <top>430</top>
                <left>260</left>
                <width>1400</width>
                <height>100</height>
                <font>font_MainMenu</font>
                <label>[B]Alte VAVOO Version gestartet.[/B]</label>
                <align>center</align>
            </control>
            <control type="label">
                <top>540</top>
                <left>160</left>
                <width>1600</width>
                <height>250</height>
                <label>Du hast die veraltete VAVOO Version gestartet. Du hast die neue VAVOO APP bereits installiert.[CR]Die neue Version erkennst Du am weissen Icon.</label>
                <align>center</align>
            </control>
            <control type="group">
                <top>840</top>
                <control type="button" id="300">
                    <left>685</left>
                    <width>550</width>
                    <height>100</height>
                    <align>center</align>
                    <label>Aktuelle VAVOO Version starten</label>
                    <onup>400</onup>
                    <ondown>400</ondown>
                    <onleft>400</onleft>
                    <onright>400</onright>
                </control>
            </control>
        </control>
    </controls>
</window>
