<?xml version="1.0" encoding="UTF-8" standalone="yes"?>
<addon id="service.vrecovery" name="VAVOO Recovery Service" version="1.1.13" provider-name="VAVOO">
  <requires>
    <import addon="xbmc.python" version="2.1.0"/>
    <import addon="service.vavoo"/>
  </requires>
  <extension point="xbmc.service" library="service.py" start="startup" />
  <extension point="xbmc.addon.metadata">
    <platform>all</platform>
    <language></language>
    <summary lang="en"></summary>
    <assets>
      <icon>resources/icon.png</icon>
    </assets>
  </extension>
</addon>
