<sources>
    <programs>
        <default pathversion="1"></default>
    </programs>
    <video>
        <default pathversion="1"></default>
    </video>
    <music>
        <default pathversion="1"></default>
    </music>
    <pictures>
        <default pathversion="1"></default>
    </pictures>
    <files>
        <default pathversion="1"></default>
        <source>
            <name>MICHAZ REPO</name>
            <path pathversion="1">https://michaz1988.github.io:443/repo/</path>
            <allowsharing>true</allowsharing>
        </source>
        <source>
            <name>Special Home</name>
            <path pathversion="1">special://home/</path>
            <allowsharing>true</allowsharing>
        </source>
        <source>
            <name>Special Profile</name>
            <path pathversion="1">special://profile/</path>
            <allowsharing>true</allowsharing>
        </source>
        <source>
            <name>Special Xbmc</name>
            <path pathversion="1">special://xbmc/</path>
            <allowsharing>true</allowsharing>
        </source>
    </files>
    <games>
        <default pathversion="1"></default>
    </games>
</sources>
