<?xml version="1.0" encoding="UTF-8"?>
<addon id="plugin.video.vavooto" name="VAVOO.TO" version="1.0.36" provider-name="VAVOO.TO">
    <requires>
        <import addon="xbmc.python" version="2.1.0"/>
        <import addon="script.module.pil"/>

        <import addon="service.vavooto.updater"/>

        <import addon="script.common.plugin.cache"/>
        <import addon="script.video.F4mProxy" version="2.7.1"/>

        <import addon="script.module.urlresolver"/>
        <import addon="plugin.program.autocompletion.vavooto"/>
        <import addon="script.module.autocompletion.vavooto"/>

        <import addon="script.module.requests" version="2.11.1"/>

        <import addon="script.extendedinfo" version="5.6.0"/>

        <import addon="plugin.video.videodevil"/>

        <import addon="plugin.video.nick_de" version="1.1.5"/>
        <import addon="plugin.video.tivi_de" version="1.0.0"/>
        <import addon="plugin.video.kika_de" version="1.0.9"/>
        <!--<import addon="plugin.video.disneychannel_de" version="1.1.7"/>-->
        <!--<import addon="plugin.video.pfefferkoerner_de" version="1.0.0"/>-->
        <!--<import addon="plugin.video.kindernetz_de" version="1.0.0"/>-->
        <import addon="plugin.video.sesamstrasse_de" version="1.0.6"/>

        <!--<import addon="plugin.video.mediatheken" version="1.0.13"/>-->
        <!--<import addon="plugin.video.7tv" version="3.1.7"/>-->
        <!--<import addon="plugin.video.7tvneu" version="0.5.7"/>-->
        <import addon="plugin.video.ardmediathek_de" version="5.0.0"/>
        <import addon="plugin.video.atv_at" version="2.7.0"/>
        <import addon="plugin.video.arte_tv" version="2.9.6"/>
        <!--<import addon="plugin.video.chefkoch_de" version="2.0.7"/>-->
        <!--<import addon="plugin.video.cczwei_de" version=""/>-->
        <import addon="plugin.video.doku5.com" version="0.1.9"/>
        <!--<import addon="plugin.video.focus-online.de" version=""/>-->
        <!--<import addon="plugin.video.gronkh.de" version=""/>-->
        <import addon="plugin.video.mediathek" version=""/>
        <!--<import addon="plugin.video.br3" version="0.7.9"/>-->
        <!--<import addon="plugin.video.nowtv.de.p" version=""/>-->
        <import addon="plugin.video.servustv_com" version="1.0.16"/>
        <!--<import addon="plugin.video.tlc_de" version=""/>-->
        <!--<import addon="plugin.video.tele5_de" version="1.1.6"/>-->
        <!--<import addon="plugin.video.welt_der_wunder" version="1.1.6"/>-->
        <!--<import addon="plugin.video.myspass_de" version=""/>-->
        <!--<import addon="plugin.video.euronews_com" version="2.0.19"/>-->
        <!--<import addon="plugin.video.myvideo_de" version=""/>-->
        <!--<import addon="plugin.video.nrwision" version=""/>-->
        <import addon="service.vavoo" version=""/>
    </requires>
    <extension point="xbmc.python.pluginsource" library="lib/video.py">
        <provides>video</provides>
    </extension>
    <extension point="xbmc.python.script" library="lib/script.py">
        <provides>executable</provides>
    </extension>
    <extension point="xbmc.service" library="lib/service.py" start="login">
        <provides>service</provides>
    </extension>
    <extension point="xbmc.python.module" library="lib" />
    <extension point="xbmc.addon.metadata">
        <platform>all</platform>
        <language>de</language>
        <summary lang="de">VAVOO.TO Skin Tools</summary>
        <description lang="de">VAVOO.TO Skin Tools</description>
        <website></website>
    </extension>
</addon>
