<?xml version="1.0" encoding="UTF-8"?>
<window>
	<defaultcontrol>9000</defaultcontrol>
	<include>Animation.Dialog</include>
	<coordinates>
		<system>1</system>
		<left>0</left>
		<top>0</top>
	</coordinates>
	<controls>
		<control type="image">
			<include>FullscreenDimensions</include>
			<texture>$VAR[CommonBackgroundOverlay]</texture>
			<colordiffuse>$VAR[ColorBackgroundVar]</colordiffuse>
		</control>
		<control type="grouplist" id="90300">
			<left>705</left>
			<top>0</top>
			<width>510</width>
			<height>1080</height>
			<onleft>90300</onleft>
			<onright>90300</onright>
			<onup>90300</onup>
			<ondown>90300</ondown>
			<itemgap>0</itemgap>
			<align>center</align>
			<control type="image" id="90301">
				<description>background image</description>
				<width>510</width>
				<height>30</height>
				<texture border="16,16,16,0">button_border.png</texture>
				<colordiffuse>$VAR[ColorDialogVar]</colordiffuse>
			</control>
			<control type="image" id="90302">
				<description>Exit button</description>
				<width>510</width>
				<height>60</height>
				<align>left</align>
				<texture border="16">button_bg.png</texture>
				<visible>System.ShowExitButton</visible>
				<colordiffuse>$VAR[ColorDialogVar]</colordiffuse>
			</control>
			<control type="image" id="90303">
				<description>Shutdown button</description>
				<width>510</width>
				<height>60</height>
				<align>left</align>
				<texture border="16">button_bg.png</texture>
				<colordiffuse>$VAR[ColorDialogVar]</colordiffuse>
			</control>
			<control type="image" id="90304">
				<description>Custom Shutdown Timer</description>
				<width>510</width>
				<height>60</height>
				<align>left</align>
				<texture border="16">button_bg.png</texture>
				<visible>!System.HasAlarm(shutdowntimer)</visible>
				<visible>System.CanPowerDown | System.CanSuspend | System.CanHibernate</visible>
				<colordiffuse>$VAR[ColorDialogVar]</colordiffuse>
			</control>
			<control type="image" id="90305">
				<description>Cancel Shutdown Timer</description>
				<width>510</width>
				<height>60</height>
				<align>left</align>
				<texture border="16">button_bg.png</texture>
				<visible>System.HasAlarm(shutdowntimer)</visible>
				<colordiffuse>$VAR[ColorDialogVar]</colordiffuse>
			</control>
			<control type="image" id="90306">
				<description>Suspend button</description>
				<width>510</width>
				<height>60</height>
				<align>left</align>
				<texture border="16">button_bg.png</texture>
				<visible>System.CanSuspend</visible>
				<colordiffuse>$VAR[ColorDialogVar]</colordiffuse>
			</control>
			<control type="image" id="90307">
				<description>Hibernate button</description>
				<width>510</width>
				<height>60</height>
				<align>left</align>
				<texture border="16">button_bg.png</texture>
				<visible>System.CanHibernate</visible>
				<colordiffuse>$VAR[ColorDialogVar]</colordiffuse>
			</control>
			<control type="image" id="90308">
				<description>Reboot button</description>
				<width>510</width>
				<height>60</height>
				<align>left</align>
				<texture border="16">button_bg.png</texture>
				<visible>System.CanReboot</visible>
				<colordiffuse>$VAR[ColorDialogVar]</colordiffuse>
			</control>
			<control type="image" id="90309">
				<description>Logoff button</description>
				<width>510</width>
				<height>60</height>
				<align>left</align>
				<texture border="16">button_bg.png</texture>
				<visible>System.HasLoginScreen | Integer.IsGreater(System.ProfileCount,1)</visible>
				<visible>System.Loggedon</visible>
				<colordiffuse>$VAR[ColorDialogVar]</colordiffuse>
			</control>
			<control type="image" id="90310">
				<description>Master mode button</description>
				<width>510</width>
				<height>60</height>
				<align>left</align>
				<texture border="16">button_bg.png</texture>
				<visible>System.HasLocks</visible>
				<colordiffuse>$VAR[ColorDialogVar]</colordiffuse>
			</control>
			<control type="image" id="90312">
				<description>Inhibit idle shutdown</description>
				<width>510</width>
				<height>60</height>
				<align>left</align>
				<texture border="16">button_bg.png</texture>
				<visible>System.HasShutdown +!System.IsInhibit</visible>
				<colordiffuse>$VAR[ColorDialogVar]</colordiffuse>
			</control>
			<control type="image" id="90313">
				<description>Allow idle shutdown</description>
				<width>510</width>
				<height>60</height>
				<align>left</align>
				<texture border="16">button_bg.png</texture>
				<visible>System.HasShutdown + System.IsInhibit</visible>
				<colordiffuse>$VAR[ColorDialogVar]</colordiffuse>
			</control>
			<control type="image" id="90314">
				<description>Settings</description>
				<width>510</width>
				<height>60</height>
				<align>left</align>
				<texture border="16">button_bg.png</texture>
				<colordiffuse>$VAR[ColorDialogVar]</colordiffuse>
			</control>
			<control type="image" id="90315">
				<description>Reload Skin</description>
				<width>510</width>
				<height>60</height>
				<align>left</align>
				<texture border="16">button_bg.png</texture>
				<colordiffuse>$VAR[ColorDialogVar]</colordiffuse>
			</control>
			<control type="image" id="90316">
				<description>background image</description>
				<width>510</width>
				<height>30</height>
				<texture flipy="true" border="16,0,16,16">button_border.png</texture>
				<colordiffuse>$VAR[ColorDialogVar]</colordiffuse>
			</control>
		</control>
		<control type="grouplist" id="9000">
			<left>735</left>
			<top>0</top>
			<width>450</width>
			<height>1080</height>
			<onleft>9000</onleft>
			<onright>9000</onright>
			<onup>9000</onup>
			<ondown>9000</ondown>
			<itemgap>0</itemgap>
			<align>center</align>
			<control type="button" id="1">
				<description>Login</description>
				<label>$LOCALIZE[39506]</label>
				<onclick>Dialog.Close(all,true)</onclick>
				<onclick>RunScript(service.vavoo,profile)</onclick>
				<visible>!String.isEmpty(Window(10000).Property(Vavoo_LoginEnabled)) + String.isEmpty(Window(10000).Property(Vavoo_Locked)) + !String.isEmpty(Window(10000).Property(Vavoo_Guest))</visible>
			</control>
			<control type="button" id="2">
				<description>View profile</description>
				<label>$LOCALIZE[39607]</label>
				<onclick>Dialog.Close(all,true)</onclick>
				<onclick>RunScript(service.vavoo,profile)</onclick>
				<visible>!String.isEmpty(Window(10000).Property(Vavoo_LoginEnabled)) + String.isEmpty(Window(10000).Property(Vavoo_Locked)) + String.isEmpty(Window(10000).Property(Vavoo_Guest))</visible>
			</control>
			<control type="button" id="3">
				<description>Settings</description>
				<label>$LOCALIZE[5]</label>
				<onclick>Dialog.Close(all,true)</onclick>
				<onclick>ActivateWindow(settings)</onclick>
				<visible>!String.isEmpty(Window(10000).Property(Vavoo_Ready))</visible>
			</control>
			<control type="button" id="4">
				<description>VAVOO Box Internet Settings</description>
				<label>$LOCALIZE[39585]</label>
				<onclick>StartAndroidActivity("com.android.tv.settings!.connectivity.NetworkActivity")</onclick>
				<visible>String.isEmpty(Window(10000).Property(Vavoo_Ready)) + System.Platform.Android + !String.isEmpty(Window(10000).Property(Vavoo_Device))</visible>
			</control>
			<control type="button" id="5">
				<description>Bundle Installer</description>
				<label>$LOCALIZE[39582]</label>
				<onclick>RunScript(service.vavoo,install)</onclick>
				<visible>String.isEmpty(Window(10000).Property(Vavoo_Locked)) + !String.isEmpty(Window(10000).Property(Vavoo_Ready))</visible>
			</control>
			<control type="button" id="6">
				<description>Restart</description>
				<label>$LOCALIZE[13013]</label>
				<onclick>RunScript(service.vavoo,restart)</onclick>
				</control>
			<control type="button" id="7">
				<description>Quit</description>
				<label>$LOCALIZE[13012]</label>
				<onclick>Quit()</onclick>
				<visible>String.isEmpty(Window(10000).Property(Vavoo_Device))</visible>
			</control>
		</control>
	</controls>
</window>