<?xml version="1.0" encoding="UTF-8"?>
<window>
	<defaultcontrol always="true">52</defaultcontrol>
	<allowoverlay>no</allowoverlay>
	<coordinates>
		<system>1</system>
		<left>0</left>
		<top>0</top>
	</coordinates>
	<controls>
		<control type="image">
			<description>Normal Default Background Image</description>
			<include>FullscreenDimensions</include>
			<texture fallback="special://skin/backgrounds/default_bg.jpg">$INFO[Skin.String(CustomBackground)]</texture>
		</control>
		<control type="image">
			<include>FullscreenDimensions</include>
			<texture>background.png</texture>
			<colordiffuse>background</colordiffuse>
		</control>
		<control type="group">
			<control type="image">
                <visible>Control.HasFocus(52)</visible>
                <left>442</left>
                <top>160</top>
                <width>1035</width>
                <height>150</height>
                <animation effect="fade" time="320" delay="200">Visible</animation>
                <animation effect="fade" time="50">Hidden</animation>
                <texture colordiffuse="$VAR[ColorHighlightVar]" border="5">listselect_fo.png</texture>
                <animation effect="slide" end="0,150" time="150" tween="cubic" easing="inout" condition="Integer.IsGreater(Container(52).Row,2)">Conditional</animation>
                <animation effect="slide" end="0,150" time="150" tween="cubic" easing="inout" condition="Integer.IsGreater(Container(52).Row,1)">Conditional</animation>
                <animation effect="slide" end="0,150" time="150" tween="cubic" easing="inout" condition="Integer.IsGreater(Container(52).Row,0)">Conditional</animation>
            </control>
			<control type="panel" id="52">
				<left>442</left>
				<top>160</top>
				<width>1035</width>
				<height>600</height>
				<onleft>20</onleft>
				<onright>20</onright>
				<onup>52</onup>
				<ondown>52</ondown>
				<viewtype label="535">list</viewtype>
				<pagecontrol>60</pagecontrol>
				<scrolltime tween="quadratic" easing="out">200</scrolltime>
				<itemlayout height="150" width="1035">
					<control type="image">
						<left>15</left>
						<top>15</top>
						<width>120</width>
						<height>120</height>
						<aspectratio align="center" aligny="center" scalediffuse="false">keep</aspectratio>
						<texture diffuse="diffuse/login.png">$INFO[ListItem.Icon]</texture>
					</control>
					<control type="label">
						<left>165</left>
						<top>17</top>
						<width>870</width>
						<height>60</height>
						<font>font30</font>
						<selectedcolor>$VAR[ColorHighlightVar]</selectedcolor>
						<label>$INFO[ListItem.Label]</label>
					</control>
					<control type="label">
						<left>165</left>
						<top>82</top>
						<width>870</width>
						<height>38</height>
						<selectedcolor>$VAR[ColorHighlightVar]</selectedcolor>
						<label>$INFO[ListItem.Label2]</label>
					</control>
				</itemlayout>
				<focusedlayout height="150" width="870">
					<control type="image">
						<left>15</left>
						<top>15</top>
						<width>120</width>
						<height>120</height>
						<aspectratio align="center" aligny="center" scalediffuse="false">keep</aspectratio>
						<texture diffuse="diffuse/login.png">$INFO[ListItem.Icon]</texture>
					</control>
					<control type="label">
						<left>165</left>
						<top>17</top>
						<width>870</width>
						<height>60</height>
						<font>font30</font>
						<label>$INFO[ListItem.Label]</label>
					</control>
					<control type="label">
						<left>165</left>
						<top>82</top>
						<width>870</width>
						<height>38</height>
						<label>$INFO[ListItem.Label2]</label>
					</control>
				</focusedlayout>
			</control>
			<control type="image">
				<top>920</top>
				<width>FullScreenWidth</width>
				<height>160</height>
				<texture>menu_fo.png</texture>
				<colordiffuse>33000000</colordiffuse>
			</control>
			<control type="label">
				<include>VisibleFadeEffect</include>
				<visible>Control.HasFocus(20)</visible>
				<top>975</top>
				<left>1300</left>
				<width>400</width>
				<height>50</height>
				<label>13005</label>
				<font>font30</font>
				<textcolor>EEFF0000</textcolor>
				<align>right</align>
			</control>
			<control type="button" id="20">
				<description>Power push button</description>
				<left>1745</left>
				<top>937</top>
				<width>128</width>
				<height>128</height>
				<label />
				<font />
				<onclick>ActivateWindow(ShutdownMenu)</onclick>
				<texturefocus colordiffuse="EEFF0000">DefaultIconPower.png</texturefocus>
				<texturenofocus>DefaultIconPower.png</texturenofocus>
				<onleft>52</onleft>
				<onright>52</onright>
				<onup>52</onup>
				<ondown>52</ondown>
				<colordiffuse>$VAR[ColorTextVar]</colordiffuse>
			</control>
			<control type="image">
				<description>LOGO</description>
				<left>65</left>
				<top>952</top>
				<width>340</width>
				<height>97</height>
				<aspectratio align="left">keep</aspectratio>
				<texture>logo.png</texture>
				<colordiffuse>highlight</colordiffuse>
			</control>
		</control>
	</controls>
</window>