<?xml version="1.0" encoding="UTF-8"?>
<window>
	<controls>
        <top>0</top>
        <left>0</left>
        <control type="image">
            <left>0</left>
            <top>0</top>
            <width>100%</width>
            <height>100%</height>
            <texture>black.png</texture>
        </control>
        <control type="image">
            <top>387</top>
            <left>471</left>
            <width>978</width>
            <height>326</height>
            <texture>vavoo-text.png</texture>
        </control>
        <control type="label">
            <left>0</left>
            <top>800</top>
            <width>100%</width>
            <height>100</height>
            <font>font20_title</font>
            <align>center</align>
            <label>$LOCALIZE[39586]</label>
        </control>
    </controls>
</window>
