<?xml version="1.0" encoding="UTF-8"?>
<addon id="service.vavooto.updater" name="VAVOO.TO Update Service" version="1.0.6" provider-name="VAVOO.TO">
    <requires>
        <import addon="xbmc.python" version="2.1.0"/>
        <import addon="script.module.requests"/>
    </requires>
    <extension point="xbmc.service" library="service.py" start="login" />
    <extension point="xbmc.python.module" library="lib" />
    <extension point="xbmc.addon.metadata">
        <platform>all</platform>
        <language>de</language>
        <summary lang="de">VAVOO.TO Update Service</summary>
        <description lang="de">VAVOO.TO Update Service</description>
        <website></website>
    </extension>
</addon>
