<?xml version="1.0" encoding="UTF-8" standalone="yes"?>
<addon id="script.module.autocompletion.vavooto" name="AutoCompletion library" version="1.1.2" provider-name="Philipp Temminghoff (phil65)">
    <requires>
        <import addon="xbmc.python" version="2.24.0" />
        <import addon="script.module.simplejson" version="3.3.0"/>
    </requires>
    <extension point="xbmc.python.module" library="lib" />
    <extension point="xbmc.addon.metadata">
        <summary lang="en">Module providing some AutoCompletion functions</summary>
        <description lang="en">Module providing some AutoCompletion functions</description>
        <platform>all</platform>
        <license>GNU GENERAL PUBLIC LICENSE Version 2.1, February 1999</license>
        <source>https://github.com/phil65/script.module.autocompletion</source>
    </extension>
</addon>
