<shortcuts>
	<shortcut>
		<defaultID>22020</defaultID>
		<label>Tv</label>
		<label2>Live-TV</label2>
		<icon>DefaultTVShows.png</icon>
		<thumb>special://skin/extras/icons/tv.png</thumb>
		<action>ActivateWindow(TVGuide)</action>
		<visible>System.HasPVRAddon</visible>
		</shortcut>
	<shortcut>
		<defaultID />
		<label>Filme</label>
		<label2>Benutzerdefinierter Eintrag</label2>
		<icon>DefaultShortcut.png</icon>
		<thumb>special://skin/extras/icons/video.png</thumb>
		<action>ActivateWindow(Videos,"plugin://plugin.video.themoviedb.helper/?info=dir_movie&amp;tmdb_type=None&amp;widget=true&amp;reload=$INFO[Window(Home).Property(TMDbHelper.Widgets.Reload)]&amp;reload=$INFO[Window(Home).Property(TMDbHelper.Widgets.Reload)]",return)</action>
		</shortcut>
	<shortcut>
		<defaultID />
		<label>Serien</label>
		<label2>Benutzerdefinierter Eintrag</label2>
		<icon>DefaultShortcut.png</icon>
		<thumb>special://skin/extras/icons/tv.png</thumb>
		<action>ActivateWindow(Videos,"plugin://plugin.video.themoviedb.helper/?info=dir_tv&amp;tmdb_type=None&amp;widget=true&amp;reload=$INFO[Window(Home).Property(TMDbHelper.Widgets.Reload)]&amp;reload=$INFO[Window(Home).Property(TMDbHelper.Widgets.Reload)]",return)</action>
		</shortcut>
	<shortcut>
		<defaultID>games</defaultID>
		<label>15016</label>
		<label2>Custom item</label2>
		<icon>DefaultGames.png</icon>
		<thumb>DefaultGames.png</thumb>
		<action>ActivateWindow(Programs,"plugin://plugin.program.advanced.emulator.launcher",return)</action>
		<visible>System.HasAddon(plugin.program.advanced.emulator.launcher)</visible>
		</shortcut>
	<shortcut>
		<defaultID>favorites</defaultID>
		<label>1036</label>
		<label2>Common menu item</label2>
		<icon>special://skin/extras/icons/favourite.png</icon>
		<thumb>DefaultIconFavourite.png</thumb>
		<action>ActivateWindow(favourites)</action>
		</shortcut>
	<shortcut>
		<defaultID>add-ons</defaultID>
		<label>Addons</label>
		<label2>Benutzerdefinierter Eintrag</label2>
		<icon>special://skin/extras/icons/addon.png</icon>
		<thumb>DefaultAddon.png</thumb>
		<action>ActivateWindow(10040)</action>
		</shortcut>
	<shortcut>
		<defaultID>settings</defaultID>
		<label>Einstellungen</label>
		<label2>Common menu item</label2>
		<icon>DefaultIconSettings.png</icon>
		<thumb>DefaultIconSettings.png</thumb>
		<action>ActivateWindow(Settings)</action>
		</shortcut>
	<shortcut>
		<defaultID />
		<label>Beenden</label>
		<label2>Benutzerdefinierte Einträge</label2>
		<icon>DefaultShortcut.png</icon>
		<thumb>special://skin/extras/icons/power.png</thumb>
		<action>RunPlugin("plugin://plugin.video.tools/beenden")</action>
		</shortcut>
	</shortcuts>
