{"me": {"account": {"id": "JNAT-96eedf30-a400-4f15-802d-03a532dcf023"}, "state": "code=R_A", "productSubscriptions": [], "subscriptionsData": {"config": {"hasActivePlus": false, "hasActiveHD": false, "products": [{"type": "PLUS", "id": "atplus", "name": "PLUS+", "price": 699, "introPrice": null, "freeTrialUntil": 1689112799, "introPriceUntil": null, "introMonths": null, "freeTrialMonths": 1, "freeTrialDays": 7, "introOfferUntil": null}, {"type": "PLUS", "id": "betaatplus", "name": "PLUS+ Beta", "price": 699, "introPrice": null, "freeTrialUntil": 1689112799, "introPriceUntil": null, "introMonths": null, "freeTrialMonths": 1, "freeTrialDays": 7, "introOfferUntil": null}]}}}}