<?xml version="1.0" encoding="utf-8"?>
<window>
    <defaultcontrol always="true">6</defaultcontrol>
    <coordinates>
        <system>1</system>
        <left>399</left>
        <top>165</top>
    </coordinates>
    <include>Animation.Dialog</include>
	<controls>
		<control type="group">
			<centertop>50%</centertop>
			<centerleft>50%</centerleft>
			<height>750</height>
			<width>1220</width>

        <include content="DialogBackgroundCommons">
                <param name="DialogBackgroundWidth" value="1122" />
                <param name="DialogBackgroundHeight" value="780" />
<!--             <param name="DialogBackgroundWidth" value="916" /> -->
<!--             <param name="DialogBackgroundHeight" value="494" /> -->
            <param name="DialogHeaderLabel" value="" />
            <param name="DialogHeaderId" value="1" />
        </include>
			<control type="image">
				<left>0</left>
				<top>80</top>
				<width>920</width>
				<bottom>2</bottom>
				<texture border="40">dialogbutton-nofo.png</texture>
			</control>
			<!-- Color picker panel -->
			<control type="panel" id="6">
				<left>20</left>
				<top>100</top>
				<width>880</width>
				<bottom>26</bottom>
				<onup>6</onup>
				<ondown>6</ondown>
				<onleft>9001</onleft>
				<onright>61</onright>
				<orientation>vertical</orientation>
				<pagecontrol>61</pagecontrol>
				<viewtype label="100">icon</viewtype>
				<itemlayout height="80" width="146">
					<control type="group">
						<control type="image">
							<top>3</top>
							<left>8</left>
							<width>138</width>
							<height>74</height>
							<texture>color-back.png</texture>
						</control>
						<control type="image">
							<top>3</top>
							<left>8</left>
							<width>138</width>
							<height>74</height>
							<texture border="0">white.png</texture>
							<colordiffuse>$INFO[ListItem.Label2]</colordiffuse>
							<aspectratio>stretch</aspectratio>
						</control>
					</control>
				</itemlayout>
				<focusedlayout height="80" width="146">
					<control type="group">
						<animation effect="zoom" time="200" tween="sine" easing="inout" start="100" end="124" center="auto">Focus</animation>
						<control type="image">
							<top>3</top>
							<left>8</left>
							<width>138</width>
							<height>74</height>
							<texture>color-back.png</texture>
						</control>
						<control type="image">
							<top>3</top>
							<left>8</left>
							<width>138</width>
							<height>74</height>
							<texture border="2">white.png</texture>
							<colordiffuse>$INFO[ListItem.Label2]</colordiffuse>
							<aspectratio>stretch</aspectratio>
						</control>
					</control>
				</focusedlayout>
			</control>
			<control type="scrollbar" id="61">
				<left>910</left>
				<top>100</top>
				<width>12</width>
				<bottom>26</bottom>
				<onleft condition="Control.IsVisible(6)">6</onleft>
				<onright>9001</onright>
				<orientation>vertical</orientation>
			</control>
			<control type="label">
				<left>28</left>
				<top>740</top>
				<width>880</width>
				<height>35</height>
				<align>left</align>
				<label>[COLOR FocusColor]$LOCALIZE[737]: [/COLOR]$INFO[Container(6).ListItem.Label,, - ]$INFO[Container(6).ListItem.Label2,#,]</label>
			</control>
<!-- 			<control type="label"> -->
<!-- 				<left>925</left> -->
<!-- 				<top>748</top> -->
<!-- 				<width>275</width> -->
<!-- 				<height>35</height> -->
<!-- 				<font>font12</font> -->
<!-- 				<align>right</align> -->
<!-- 				<textcolor>grey</textcolor> -->
<!-- 				<label>$VAR[SelectLabel]</label> -->
<!-- 			</control> -->
			<control type="grouplist" id="9001">
				<left>920</left>
				<top>80</top>
				<onleft>61</onleft>
				<itemgap>dialogbuttons_itemgap</itemgap>
				<onright>6</onright>

				 <control type="button" id="7">
	                <width>276</width>
<!-- 				<height>$PARAM[height]</height> -->
					<label>$LOCALIZE[222]</label>
	                <font>font15_title</font>
<!-- 				<textoffsetx>20</textoffsetx> -->
	                <align>center</align>
	                <texturenofocus colordiffuse="BorderDiffuse" border="5">listselect_fo.png</texturenofocus>
				</control>
			</control>
		</control>
	</controls>
</window>