<?xml version="1.0" encoding="UTF-8" standalone="yes"?>
<addon id="script.module.js2py"
       name="js2py"
       version="1.0.4"
       provider-name="PiotrDabkowski, VAVOO.TO">
  <requires>
	  <import addon="xbmc.python" version="2.14.0"/>
    <import addon="script.module.six" version="1.9.0"/>
    <import addon="script.module.pyjsparser" version="1.0.0"/>
  </requires>
  <extension point="xbmc.python.module"
             library="lib" />
  <extension point="xbmc.addon.metadata">
    <summary>JavaScript to Python Translator and JavaScript interpreter written in 100% pure Python</summary>
    <description>Packed for KODI from https://github.com/PiotrDabkowski/Js2Py</description>
    <platform>all</platform>
    <language></language>
    <license>Apache2</license>
    <forum></forum>
  </extension>
</addon>
