<?xml version="1.0" encoding="utf-8"?>
<window>
    <defaultcontrol always="true">100</defaultcontrol>
    <controls>
        <control type="group">
            <animation type="WindowOpen" reversible="false">
                <effect type="slide" start="-960,0" end="0,0" time="300" />
                <effect type="fade" start="0" end="100" time="300" />
            </animation>
            <animation type="WindowClose" reversible="false">
                <effect type="slide" start="0,0" end="960,0" time="300" />
                <effect type="fade" start="100" end="0" time="300" />
            </animation>
            <left>0</left>
            <top>0</top>
            <width>100%</width>
            <height>100%</height>
            <control type="image">
                <left>0</left>
                <top>0</top>
                <right>0</right>
                <bottom>0</bottom>
                <width>100%</width>
                <height>100%</height>
                <texture>black.png</texture>
            </control>
            <control type="group">
                <animation type="Visible" reversible="false">
                    <effect type="slide" start="-960,0" end="0,0" time="300" />
                    <effect type="fade" start="0" end="100" time="300" />
                </animation>
                <animation type="Hidden" reversible="false">
                    <effect type="slide" start="0,0" end="960,0" time="300" />
                    <effect type="fade" start="100" end="0" time="300" />
                </animation>
                <visible>String.IsEmpty(Window.Property(ProgressWindow))</visible>
                <control type="radiobutton" id="302">
                    <left>1790</left>
                    <width>130</width>
                    <height>100</height>
                    <label></label>
                    <onup>303</onup>
                    <ondown>100</ondown>
                    <onleft>300</onleft>
                    <onright>301</onright>
                    <textureradioonfocus>power.png</textureradioonfocus>
                    <textureradioonnofocus colordiffuse="grey">power.png</textureradioonnofocus>
                    <textureradioofffocus>power.png</textureradioofffocus>
                    <textureradiooffnofocus colordiffuse="grey">power.png</textureradiooffnofocus>
                    <radioposx>50</radioposx>
                    <radioposy>35</radioposy>
                    <radiowidth>30</radiowidth>
                    <radioheight>30</radioheight>
                    <visible>!String.IsEqual(Window.Property(BundleAlreadyInstalled),true)</visible>
                </control>
                <control type="radiobutton" id="302">
                    <left>1790</left>
                    <width>130</width>
                    <height>100</height>
                    <label></label>
                    <onup>303</onup>
                    <ondown>100</ondown>
                    <onleft>300</onleft>
                    <onright>301</onright>
                    <textureradioonfocus>back.png</textureradioonfocus>
                    <textureradioonnofocus colordiffuse="grey">back.png</textureradioonnofocus>
                    <textureradioofffocus>back.png</textureradioofffocus>
                    <textureradiooffnofocus colordiffuse="grey">back.png</textureradiooffnofocus>
                    <radioposx>50</radioposx>
                    <radioposy>35</radioposy>
                    <radiowidth>30</radiowidth>
                    <radioheight>30</radioheight>
                    <visible>String.IsEqual(Window.Property(BundleAlreadyInstalled),true)</visible>
                </control>
                <control type="group">
                    <visible>String.IsEqual(Window.Property(BundleAlreadyInstalled),true) | String.IsEqual(Window(10000).Property(Vavoo_Device),true)</visible>
                    <control type="label">
                        <top>330</top>
                        <left>260</left>
                        <width>1400</width>
                        <height>100</height>
                        <font>font_MainMenu</font>
                        <label>$LOCALIZE[39500]</label>
                        <align>center</align>
                    </control>
                    <control type="label">
                        <top>410</top>
                        <left>260</left>
                        <width>1400</width>
                        <height>100</height>
                        <label>$LOCALIZE[39501]</label>
                        <align>center</align>
                    </control>
                </control>
                <control type="group">
                    <visible>String.IsEqual(Window.Property(BundleAlreadyInstalled),) + String.IsEqual(Window(10000).Property(Vavoo_Device),)</visible>
                    <control type="label">
                        <top>330</top>
                        <left>260</left>
                        <width>1400</width>
                        <height>100</height>
                        <font>font_MainMenu</font>
                        <label>$LOCALIZE[39587]</label>
                        <align>center</align>
                    </control>
                    <control type="label">
                        <top>410</top>
                        <left>260</left>
                        <width>1400</width>
                        <height>100</height>
                        <label>$LOCALIZE[39588]</label>
                        <align>center</align>
                    </control>
                </control>
                <control type="button" id="100">
                    <top>510</top>
                    <left>460</left>
                    <width>1000</width>
                    <height>100</height>
                    <label>$INFO[Window.Property(Url)]</label>
                    <font>font37</font>
                    <align>center</align>
                    <onup>302</onup>
                    <ondown>300</ondown>
                </control>
                <control type="group">
                    <top>660</top>
                    <height>100</height>
                    <control type="button" id="300">
                        <left>810</left>
                        <width>300</width>
                        <align>center</align>
                        <label>$LOCALIZE[209]</label>
                        <onup>100</onup>
                        <ondown>303</ondown>
                        <onleft>301</onleft>
                        <onright>301</onright>
                    </control>
                </control>
                <control type="group">
                    <visible>!String.IsEqual(Window.Property(WelcomeText),)</visible>
                    <control type="image">
                        <visible>String.IsEqual(Window.Property(BundleAlreadyInstalled),)</visible>
                        <top>835</top>
                        <left>445</left>
                        <width>1030</width>
                        <height>120</height>
                        <texture colordiffuse="FFAF2820">white.png</texture>
                    </control>
                    <control type="button" id="303">
                        <top>820</top>
                        <left>430</left>
                        <width>1060</width>
                        <height>150</height>
                        <onup>300</onup>
                        <ondown>302</ondown>
                        <align>center</align>
                        <label>$INFO[Window.Property(WelcomeText)]</label>
                    </control>
                    <control type="image">
                        <top>820</top>
                        <left>250</left>
                        <width>150</width>
                        <height>150</height>
                        <texture colordiffuse="">info.png</texture>
                    </control>
                </control>
            </control>
            <control type="group">
                <animation type="Visible" reversible="false">
                    <effect type="slide" start="-960,0" end="0,0" time="300" />
                    <effect type="fade" start="0" end="100" time="300" />
                </animation>
                <animation type="Hidden" reversible="false">
                    <effect type="slide" start="0,0" end="960,0" time="300" />
                    <effect type="fade" start="100" end="0" time="300" />
                </animation>
                <visible>!String.IsEmpty(Window.Property(ProgressWindow))</visible>
                <control type="label">
                    <top>430</top>
                    <left>260</left>
                    <width>1400</width>
                    <height>100</height>
                    <font>font_MainMenu</font>
                    <label>$LOCALIZE[39503]</label>
                    <align>center</align>
                </control>
                <control type="label">
                    <top>510</top>
                    <left>260</left>
                    <width>1400</width>
                    <height>100</height>
                    <label>$LOCALIZE[39504]</label>
                    <align>center</align>
                </control>
                <control type="radiobutton" id="400">
                    <left>1790</left>
                    <width>130</width>
                    <height>100</height>
                    <label></label>
                    <onup>303</onup>
                    <ondown>100</ondown>
                    <onleft>300</onleft>
                    <onright>301</onright>
                    <textureradioonfocus colordiffuse="white">close.png</textureradioonfocus>
                    <textureradioonnofocus colordiffuse="white">close.png</textureradioonnofocus>
                    <textureradioofffocus colordiffuse="white">close.png</textureradioofffocus>
                    <textureradiooffnofocus colordiffuse="white">close.png</textureradiooffnofocus>
                    <radioposx>50</radioposx>
                    <radioposy>35</radioposy>
                    <radiowidth>30</radiowidth>
                    <radioheight>30</radioheight>
                </control>
                <control type="label">
                    <top>1000</top>
                    <left>20</left>
                    <width>1880</width>
                    <height>20</height>
                    <label>$INFO[Window.Property(ProgressLabel)]</label>
                </control>
                <control type="progress" id="401">
                    <top>1040</top>
                    <left>20</left>
                    <width>1880</width>
                    <height>20</height>
                    <texturebg border="3" colordiffuse="60FFFFFF">white.png</texturebg>
                    <midtexture colordiffuse="FFAF2820">white.png</midtexture>
                </control>
            </control>
        </control>
    </controls>
</window>
